{
  "tailwind.config.ts": 1782579310.3881032,
  "eslint.config.js": 1775630618.9848769,
  "vite.config.ts": 1775630618.999535,
  "postcss.config.js": 1775630618.985699,
  "update/support.js": 1782660567.579134,
  "update/tailwind.config.ts": 1782660569.4382753,
  "src/App.tsx": 1775630618.986344,
  "src/main.tsx": 1775630618.9978473,
  "src/vite-env.d.ts": 1775630618.9990253,
  "src/contexts/BrandingContext.tsx": 1775630618.9968967,
  "src/components/EditBoardDialog.tsx": 1775630618.990853,
  "src/components/SearchDialog.tsx": 1775630618.991119,
  "src/components/AppSidebar.tsx": 1775630618.9865677,
  "src/components/ui/aspect-ratio.tsx": 1775630618.991666,
  "src/components/ui/alert-dialog.tsx": 1775630618.9914863,
  "src/components/ui/pagination.tsx": 1775630618.9945242,
  "src/components/ui/tabs.tsx": 1775630618.9960775,
  "src/components/ui/card.tsx": 1775630618.9922056,
  "src/components/ui/slider.tsx": 1775630618.9957411,
  "src/components/ui/popover.tsx": 1775630618.99462,
  "src/components/ui/progress.tsx": 1775630618.9947112,
  "src/components/ui/toaster.tsx": 1775630618.996436,
  "src/components/ui/input-otp.tsx": 1775630618.9938354,
  "src/components/ui/chart.tsx": 1775630618.9925523,
  "src/components/ui/hover-card.tsx": 1775630618.9937522,
  "src/components/ui/sheet.tsx": 1775630618.9954412,
  "src/components/ui/scroll-area.tsx": 1775630618.9949687,
  "src/components/ui/resizable.tsx": 1775630618.9948802,
  "src/components/ui/label.tsx": 1775630618.994008,
  "src/components/ui/sonner.tsx": 1775630618.995827,
  "src/components/ui/navigation-menu.tsx": 1775630618.9944372,
  "src/components/ui/accordion.tsx": 1775630618.9912775,
  "src/components/ui/drawer.tsx": 1775630618.9933968,
  "src/components/ui/tooltip.tsx": 1775630618.996692,
  "src/components/ui/alert.tsx": 1775630618.9915812,
  "src/components/ui/use-toast.ts": 1775630618.9967625,
  "src/components/ui/switch.tsx": 1775630618.9959104,
  "src/components/ui/calendar.tsx": 1775630618.9921067,
  "src/components/ui/breadcrumb.tsx": 1775630618.9919288,
  "src/components/ui/radio-group.tsx": 1775630618.9947917,
  "src/components/ui/command.tsx": 1775630618.9929774,
  "src/components/ui/toggle-group.tsx": 1775630618.996524,
  "src/components/ui/avatar.tsx": 1775630618.9917526,
  "src/components/ui/menubar.tsx": 1775630618.9942327,
  "src/components/ui/dialog.tsx": 1775630618.993305,
  "src/components/ui/badge.tsx": 1775630618.9918442,
  "src/components/ui/sidebar.tsx": 1775630618.995564,
  "src/components/ui/table.tsx": 1775630618.995993,
  "src/components/ui/separator.tsx": 1775630618.995254,
  "src/components/ui/button.tsx": 1775630618.992023,
  "src/components/ui/toggle.tsx": 1775630618.9966142,
  "src/components/ui/toast.tsx": 1775630618.996344,
  "src/components/ui/checkbox.tsx": 1775630618.9926476,
  "src/components/ui/collapsible.tsx": 1775630618.9927604,
  "src/components/ui/dropdown-menu.tsx": 1775630618.993594,
  "src/components/ui/select.tsx": 1775630618.9951746,
  "src/components/ui/textarea.tsx": 1775630618.9961584,
  "src/components/ui/input.tsx": 1775630618.9939196,
  "src/components/ui/skeleton.tsx": 1775630618.9956548,
  "src/components/ui/context-menu.tsx": 1775630618.993199,
  "src/components/ui/form.tsx": 1775630618.9936755,
  "src/components/ui/carousel.tsx": 1775630618.9924147,
  "src/components/Canvas/CommentThread.tsx": 1775630618.9877422,
  "src/components/Canvas/CollaboratorCursors.tsx": 1775630618.9874215,
  "src/components/Canvas/DrawingTool.tsx": 1775630618.9882267,
  "src/components/Canvas/MiniMap.tsx": 1775630618.9887493,
  "src/components/Canvas/ExportImportModal.tsx": 1775630618.988382,
  "src/components/Canvas/CollaboratorsList.tsx": 1775630618.9876482,
  "src/components/Canvas/TemplatePanel.tsx": 1775630618.9898386,
  "src/components/Canvas/ConnectionSystem.tsx": 1775630618.9881256,
  "src/components/Canvas/PropertyPanel.tsx": 1782661198.0267162,
  "src/components/Canvas/ShapeLibrary.tsx": 1775630618.9896104,
  "src/components/Canvas/ResizeHandles.tsx": 1782644642.4807682,
  "src/components/Canvas/templates.ts": 1775630618.9906363,
  "src/components/Canvas/OptionsMenu.tsx": 1775630618.988971,
  "src/components/Canvas/ContextMenu.tsx": 1782649598.8809621,
  "src/components/Canvas/CanvasObject.tsx": 1782649598.8805573,
  "src/components/Canvas/Timer.tsx": 1775630618.9901717,
  "src/components/Canvas/SelectionBox.tsx": 1775630618.9894102,
  "src/components/Canvas/CanvasHeader.tsx": 1782649598.8800316,
  "src/components/Canvas/Canvas.tsx": 1782661220.2050776,
  "src/components/Canvas/InlineEditor.tsx": 1775630618.9885275,
  "src/components/Canvas/CommentsList.tsx": 1775630618.9879565,
  "src/components/Canvas/TextEditor.tsx": 1775630618.9900408,
  "src/components/Canvas/CanvasToolbar.tsx": 1782661198.021516,
  "src/components/Canvas/hooks/useHistory.ts": 1775630618.9904063,
  "src/components/Canvas/hooks/useCanvasInteraction.ts": 1782644343.1818259,
  "src/components/Canvas/hooks/useSelection.ts": 1775630618.9904897,
  "src/hooks/use-mobile.tsx": 1775630618.9970186,
  "src/hooks/useLocalCollaborator.ts": 1775630618.9974816,
  "src/hooks/use-toast.ts": 1775630618.997098,
  "src/hooks/useBoardPresence.ts": 1775630618.997402,
  "src/hooks/useBoardPersistence.ts": 1775630618.997283,
  "src/lib/utils.ts": 1775630618.9977715,
  "src/pages/Settings.tsx": 1775630618.9986496,
  "src/pages/Index.tsx": 1775630618.9982064,
  "src/pages/Templates.tsx": 1775630618.9989383,
  "src/pages/Dashboard.tsx": 1775630618.9981272,
  "src/pages/Recent.tsx": 1775630618.9983947,
  "src/pages/Canvas.tsx": 1775630618.99797,
  "src/pages/Teams.tsx": 1775630618.998824,
  "src/pages/NotFound.tsx": 1775630618.9982786,
  "index.html": 1775630618.984969,
  "README.md": 1775630618.9840949,
  "CLAUDE.md": 1782675390.9017591,
  "update/Tableau collaboratif.dc.html": 1782660572.080723,
  "docs/superpowers/plans/2026-06-28-canvas-ux-redesign.md": 1782646826.8383954,
  "docs/superpowers/specs/2026-06-28-canvas-ux-redesign.md": 1782646432.3911455,
  "public/robots.txt": 1775630618.9860938,
  "public/placeholder.svg": 1775630618.986013
}